name,response,confidence_no_fp,exp_url,source,scope,expected_countries,notes
dns_br_1234,1.2.3.4,10,https://explorer.ooni.org/measurement/20190612T013439Z_AS17974_XnyS9G0FWELa7uamYqu2zGxaYOQVrFFvlb9KmzbXlChVfY76uV?input=https://www.scruff.com/,[],br,[],"An A record with a 1.2.3.4 reply, this is a common false response to restrict access."
dns_br_allzero,0.0.0.0,10,https://explorer.ooni.org/measurement/20170214T000041Z_AS5769_GwfnRAZ0NLH0wT56sefg2xc2iB07m354tQ0dA6IIL8mRz1CTXZ?input=http://www.lesbian.org,[],br,[],"A 0.0.0.0 reply, by convention this is a standard way to block access to content with DNS servers"
dns_br_localhost,127.0.0.1,10,https://explorer.ooni.org/measurement/20160809T002715Z_AS4818_iyzGIP1lTXMuul1n2gqn5KveO8IEHWBprt04tul57KJS7mFutA?input=http://www.mygoodasyou.com,[],br,[],"A localhost reply, by convention this is a standard way to block access to content with DNS servers"
dns_inst_id_sehat_telkomuniversity,dnssehat.telkomuniversity.ac.id,10,https://explorer.ooni.org/measurement/20180315T084438Z_AS133357_LeDGv9wMP20hFNfN2nqsvJxL1vUKOFZ0grMlnMJXACYHkmPLNB?input=http://transsexual.org,['https://telkomuniversity.ac.id/'],isp,['ID'],"Indonesian University, owned by PT Telekom, but has a seperate filtering system"
dns_isp_id_comnets,220.247.168.195,10,https://explorer.ooni.org/measurement/20200213T075343Z_AS131111_n3Zv50ZiRaGIm7uCn3IwOIN879EzYbr3OV08aHpZdOIzsk83iT?input=https://www.ilga-europe.org/,['http://www.iconpln.co.id/'],isp,['ID'],Indonesian ISP Icon Comnets+ blockpage.
dns_isp_id_sehat_argon,103.195.19.54,10,https://explorer.ooni.org/measurement/20170501T123218Z_AS17974_TQovh9GvtBR3FlRa5IfIH19tSRfiGUgUzEnGoh5sgdLI1m0OgY?input=http://www.ifge.org,['http://www.argon.id/'],isp,['ID'],Indonesian ISP Argon (Datacentre) blockpage
dns_isp_id_sehat_bitsnet,103.19.56.2,10,,['https://bits.net.id/'],isp,['ID'],Indonesian ISP Bitsnet blockpage
dns_isp_id_sehat_biznet,202.169.44.80,10,https://explorer.ooni.org/measurement/20171105T072208Z_AS17451_7r3LG7AAcL538QaLjG44o23fmyWhbFiEOWEnbZfDhu1Lfpg6jF?input=http://www.grindr.com/,['https://www.biznetnetworks.com/'],isp,['ID'],Indonesian ISP Biznet blockpage
dns_isp_id_sehat_bolt_block,202.62.29.1,10,https://explorer.ooni.org/measurement/20170213T013637Z_AS4832_Y8ct5af944VzPhrMoeoll3Ap7MtHL97R2JBO0lEHto45vPYwFQ?input=http://www.gayscape.com,['https://www.bolt.id/'],isp,['ID'],Indonesian ISP Bolt
dns_isp_id_sehat_cbn_block,internetsehataman.cbn.net.id,10,https://explorer.ooni.org/measurement/20190420T092536Z_AS135478_mLOlXUu4n0QwTV10X6nqZYFwh9aQga4i4fPo9fMomwk2IMV6Le?input=http://transsexual.org/,['https://cbn.id/'],isp,['ID'],Indonesian ISP CBN
dns_isp_id_sehat_circleone,202.165.36.253,10,,['http://www.circleone.net.id/about/'],isp,['ID'],Indonesian ISP Circle One blockpage
dns_isp_id_sehat_citra,202.65.113.54,10,https://explorer.ooni.org/measurement/20170920T165858Z_AS17974_3WOOOvd6aU5LlWGoP1mVIXMiXBDXaJpAwfkjP4IYR52V0nXvDF?input=http://www.advocate.com,['https://citrahost.com//'],isp,['ID'],Indonesian ISP Citra blockpage
dns_isp_id_sehat_crypto_negatif,202.52.141.98,10,,['http://crypto.net.id/'],isp,['ID'],Indonesian ISP Crypto DNS filtering (Negatif Konten)
dns_isp_id_sehat_fibernet,27.123.220.197,10,,['http://fiber.net.id/'],isp,['ID'],Indonesian ISP Fibernet blockpage
dns_isp_id_sehat_first,202.73.99.3,10,https://explorer.ooni.org/measurement/20161003T063421Z_AS23700_BcAJiWTdgtzSTE5ezaPJoywgMdwm8hZm8yb6Hw3iUB8atIiJCI?input=http://transsexual.org,['https://www.firstmedia.com/'],isp,['ID'],Indonesian ISP First Media blockpage
dns_isp_id_sehat_firstmedia,internetpositif3.firstmedia.com,10,https://explorer.ooni.org/measurement/20190612T150505Z_AS23700_e7qsqPDY72QkdwPcDeUb5NkHxZ9HgpHOuU8p5oNFp5uW4BJAk7?input=https://www.shoe.org/,['https://www.firstmedia.com/'],isp,['ID'],Indonesian ISP FirstMedia blockpage. Matches against a CNAME record IP was 202.137.1.74 when observed.
dns_isp_id_sehat_foxlinemedia,103.83.96.242,10,,['http://www.foxline.net.id/'],isp,['ID'],Indonesian ISP Foxline Media blockpage
dns_isp_id_sehat_gmedia_cname,xblock.gmedia.net.id,10,https://explorer.ooni.org/measurement/20190301T020519Z_AS55666_zcD5kLAL3QHZypge7Kppqp2ysd5p76afVPmvC7XlZ8zol52iEl?input=http://ilga.org/,['https://gmedia.net.id/'],isp,['ID'],Indonesian ISP GMedia blockpage. Matches CNAME record with an IP of 49.128.177.13 when observed.
dns_isp_id_sehat_gmedia_ip,49.128.177.13,10,https://explorer.ooni.org/measurement/20180119T133726Z_AS55666_NfgRumGXxCBp0t0SjoNsX0KyrzzmQmoXbSoXzPfHgw9ICwI5zr?input=http://www.queernet.org,['https://gmedia.net.id/'],isp,['ID'],Indonesian ISP GMedia blockpage. Matches cases where IP is used instead of CNAME.
dns_isp_id_sehat_gooptix,103.108.159.238,10,,['http://connectivist.co.id/'],isp,['ID'],Indonesian ISP Go-Optix blockpage
dns_isp_id_sehat_hanastar,203.160.56.38,10,,['http://www.hanastar.net.id/en/index.php'],isp,['ID'],Indonesian ISP Hanastar ID blockpage
dns_isp_id_sehat_hypernet_1,114.129.22.33,10,https://explorer.ooni.org/measurement/20170323T040824Z_AS38758_zjtAoJrqVgnQCOYSHGqrVt4bSHxEUGnj0DvgJqHEJMKnnmllir?input=http://transsexual.org,['https://hypernet.co.id/'],isp,['ID'],Indonesian ISP Hypernet blockpage
dns_isp_id_sehat_hypernet_2,114.129.23.9,10,,['https://hypernet.co.id/'],isp,['ID'],Indonesian ISP Hypernet blockpage
dns_isp_id_sehat_idnic_1,203.119.13.75,10,https://explorer.ooni.org/measurement/20171120T160605Z_AS0_J83hVqCVk4VUk9IGei68s4rSrT0F9OWHa3EzXwz6iJaHcxCO6J?input=https://www.gay.com/,['https://www.idnic.id/'],isp,['ID'],Indonesian NIC blockpage
dns_isp_id_sehat_idnic_2,203.119.13.76,10,https://explorer.ooni.org/measurement/20200130T121354Z_AS18103_6roxhkcpVP4ML3VyjL75G28deYvsJgocbDyeV8Ud6WBHAFTwy4?input=http://www.bglad.com/,['https://www.idnic.id/'],isp,['ID'],Indonesian NIC blockpage
dns_isp_id_sehat_iforte,trustpositif.iforte.net.id,10,https://explorer.ooni.org/measurement/20190924T072134Z_AS17995_Seinciq0527hnzfIuN4ZQvKYqy8NKBKGHK9vt01KkY79iofutj?input=http://www.gayhealth.com/,['https://www.iforte.id/'],isp,['ID'],Indonesian ISP iForte blockpage. Matches a CNAME record IP was 202.51.96.7
dns_isp_id_sehat_jlm_negatif,150.107.140.200,10,,['https://jlm.net.id/'],isp,['ID'],Indonesian ISP JLM DNS filtering (Negatif Konten)
dns_isp_id_sehat_lintasarta,202.152.4.67,10,https://explorer.ooni.org/measurement/20190605T140849Z_AS4800_bKVUk4pjoLXBQOUdWBLnQOPZfWfDPGCSoURwopRoEj0O4ZjOKG?input=http://www.tsroadmap.com/,['https://www.lintasarta.net/'],isp,['ID'],Indonesian Business ISP Lintasarta blockpage
dns_isp_id_sehat_ltn,103.126.10.252,10,,['http://www.ltn.co.id/'],isp,['ID'],Indonesian ISP Lintas Telematika Nusantara blockpage
dns_isp_id_sehat_melsa,filter.melsa.net.id,10,https://explorer.ooni.org/measurement/20181006T114052Z_AS9657_yU1pa9b0I0vRzcBU5OsWOV6phrI2FBxQosem0mJRQdKZupCPkE?input=http://www.bglad.com,['https://www.melsa.id/'],isp,['ID'],Indonesian ISP Melsa blockpage. Matches the CNAME record IP was 202.138.224.15
dns_isp_id_sehat_mncplay,internetpositif.mncplaymedia.com,10,https://explorer.ooni.org/measurement/20180727T095622Z_AS17670_ryQ3v3ZDI2X8YI7FKTxeG9L5PEmgc0Z5N3bDIU7uusFaaIcuql?input=http://www.bglad.com,['https://www.mncplay.id/en/'],isp,['ID'],Indonesian ISP MNC Play Media blockpage. Based on CNAME record although the IP address was 110.50.83.31 when seen.
dns_isp_id_sehat_myrepublic,158.140.186.3,10,https://explorer.ooni.org/measurement/20180601T040605Z_AS63859_uzo47992c80YC59mVTgn649d8nTkGPtm3Z8TZ69jdWAmMMMkCb?input=http://www.samesexmarriage.ca,['https://myrepublic.co.id/'],isp,['ID'],Indonesian ISP MyRepublic blockpage
dns_isp_id_sehat_myrepublic_block,103.47.132.195,10,https://explorer.ooni.org/measurement/20170916T151028Z_AS63859_OMzXkgk31oMZMCyxyswHDc9s7PcHYUDMAm8BEsKSmcioamnK0f?input=http://www.gayscape.com,['https://myrepublic.co.id/'],isp,['ID'],Indonesian ISP My Republic
dns_isp_id_sehat_netsafeindosat_1,netsafe.indosatm2.com,10,https://explorer.ooni.org/measurement/20170330T110102Z_AS4795_yod1sqqu9NwrIBlJDfMepLmyAp3zVxQK5QG6Qqux11QuioLrYJ?input=https://www.gay.com/,['http://indosatm2.com/'],isp,['ID'],Indonesian ISP Indosat Netsafe blockpage. This is based off the CNAME record but was seen on IP 124.81.92.132
dns_isp_id_sehat_netsafeindosat_2,114.6.128.8,10,https://explorer.ooni.org/measurement/20170608T035018Z_AS4761_HEJ2bT3U6QBEL4IdHLTPpWshehej9EcxiwssgeMxRTlBLQeLJx?input=http://www.glil.org,['http://indosatm2.com/'],isp,['ID'],Indonesian ISP Indosat Netsafe blockpage
dns_isp_id_sehat_nusanet,150.107.151.151,10,,['https://www.nusa.net.id/'],isp,['ID'],Indonesian ISP Nusa Net blockpage
dns_isp_id_sehat_ptcentrin,block.centrin.net.id,10,https://explorer.ooni.org/measurement/20190314T214950Z_AS17658_kybYxwcXIxWZYnX32z36B1ZprSLxFT3WpxY0g7sfuy0Uy7MLAo?input=https://www.ilga-europe.org/,['http://www.centrin.net.id/'],isp,['ID'],"Indonesian ISP PT Centrin Online blockpage. Matches the CNAME record, the IP was 202.146.255.7"
dns_isp_id_sehat_smartfren,internetsehat.smartfren.com,10,https://explorer.ooni.org/measurement/20191225T231001Z_AS18004_hA8xsVHcbUOLZLKxI8kAQ2GV3yzQ8TpDNqUpHA1Sm3Mdb3yYVB?input=http://www.samesexmarriage.ca/,['https://www.smartfren.com/'],isp,['ID'],Indonesian ISP Smartfren blockpage.
dns_isp_id_sehat_starcom,202.50.202.50,10,,['https://www.starcoms.net/'],isp,['ID'],Indonesian ISP Starcom blockpage
dns_isp_id_sehat_starnet_dark,113.197.108.236,10,https://explorer.ooni.org/measurement/20170620T000111Z_AS0_5is0TiDSWSWQSmW01Yc1B4kQFQsMmPhLT2vKSqFsVhuYzbPYvd?input=http://www.gayscape.com,['http://megavision.net.id/'],isp,['ID'],Indonesian ISP Starnet DNS filtering (dark variant)
dns_isp_id_sehat_starnet_light,103.14.16.18,10,https://explorer.ooni.org/measurement/20181006T114052Z_AS9657_yU1pa9b0I0vRzcBU5OsWOV6phrI2FBxQosem0mJRQdKZupCPkE?input=http://bisexual.org/,['http://megavision.net.id/'],isp,['ID'],Indonesian ISP Starnet DNS filtering (light variant)
dns_isp_id_sehat_sumberdata,103.10.120.3,10,,['http://www.sumberdata.co.id/'],isp,['ID'],Indonesian ISP Sumber Data blockpage
dns_isp_id_sehat_telkom_bltsel_cname,mypage.blocked.bltsel,10,https://explorer.ooni.org/measurement/20191114T004142Z_AS17974_zSo1qO4rG5Isd8Rr2WGTHYV4hwK9jeGkR201ACNu7np3CxXqOQ?input=http://ilga.org/,['https://uzone.id/'],isp,['ID'],Indonesian ISP Telkom blockpage. This is to match against the variant where Telkomsel DNS reply to this CNAME and was on IP 114.121.254.4
dns_isp_id_sehat_telkom_bltsel_ip,114.121.254.4,10,https://explorer.ooni.org/measurement/20191114T004142Z_AS17974_zSo1qO4rG5Isd8Rr2WGTHYV4hwK9jeGkR201ACNu7np3CxXqOQ?input=http://ilga.org/,['https://uzone.id/'],isp,['ID'],Indonesian ISP Telkom blockpage. This is to match against the variant where Telkomsel DNS reply to CNAME mypage.blocked.bltsel and IP 114.121.254.4
dns_isp_id_sehat_telkom_uzone,36.86.63.185,10,https://explorer.ooni.org/measurement/20171025T095349Z_AS131709_vvCnDreaVjMN1MQ2imNyl4ynBG4EhIZRdWHJIBKgOexJSnaWcb?input=http://www.bglad.com,['https://uzone.id/'],isp,['ID'],Indonesian ISP Telkom Uzone sehat blockpage
dns_isp_id_sehat_telkom_uzone_mercusuar,internet-positif.org,10,https://explorer.ooni.org/measurement/20191114T004142Z_AS17974_zSo1qO4rG5Isd8Rr2WGTHYV4hwK9jeGkR201ACNu7np3CxXqOQ?input=http://ilga.org/,['https://uzone.id/'],isp,['ID'],Indonesian ISP Telkom Uzone sehat blockpage. Mercusuar (lighthouse) is a branding of Telkomsel's Uzone. This matches the CNAME record but IP was 118.97.116.27 at the time observed.
dns_isp_id_sehat_telkomsel_baik,202.3.219.209,10,https://explorer.ooni.org/measurement/20170316T024318Z_AS23693_CQPxlyILeqGXlHzFqGSCPR6MgtCBfZtbs3h2l37MOyiU77N1xP?input=http://www.bglad.com,['http://telkomsel.com/'],isp,['ID'],Indonesian ISP Telkomsel Internet Baik sehat blockpage
dns_isp_id_sehat_transhybrid_1,58.147.184.141,10,,['https://transhybrid.net.id/'],isp,['ID'],Indonesian ISP Trans Hybrid blockpage
dns_isp_id_sehat_transhybrid_2,58.147.185.131,10,,['https://transhybrid.net.id/'],isp,['ID'],Indonesian ISP Trans Hybrid blockpage
dns_isp_id_sehat_tri_blockpage,180.214.232.61,10,https://explorer.ooni.org/measurement/20170307T194134Z_AS45727_gEN976jgNQgOx6CuLiiYDb2flPY8CpNtRPcnrHTwjggcats4At?input=http://www.gay.com,['https://tri.co.id/'],isp,['ID'],Indonesian ISP Tri sehat blockpage.
dns_isp_id_sehat_tri_cname,restricted.tri.co.id,10,https://explorer.ooni.org/measurement/20200329T090119Z_AS45727_GqQe4DZduLsSaYZB6qnqeMpsNgJn7dTvEaoEFZ0eGGmjyBoQG4?input=https://www.scruff.com/,['https://tri.co.id/'],isp,['ID'],"Indonesian ISP Tri blockpage, matches on the CNAME"
dns_isp_id_sehat_tri_ip,116.206.10.31,10,https://explorer.ooni.org/measurement/20200329T090119Z_AS45727_GqQe4DZduLsSaYZB6qnqeMpsNgJn7dTvEaoEFZ0eGGmjyBoQG4?input=https://www.scruff.com/,['https://tri.co.id/'],isp,['ID'],"Indonesian ISP Tri blockpage, matches on the IP"
dns_isp_id_sehat_utaramedia,103.142.60.250,10,,['https://utaramedia.net/'],isp,['ID'],Indonesian ISP Utara Internet blockpage
dns_isp_id_sehat_varnion_1,202.56.160.131,10,https://explorer.ooni.org/measurement/20180119T081053Z_AS45287_NWeT8zKRcKd7z2WYMntHuw2GIwqK0zCAh0A5UnvxzKw4s9rN0u?input=http://www.gayhealth.com,['https://www.varnion.com/'],isp,['ID'],Indonesian ISP (caters to hospitality industry) Varnion blockpage. Note: Does a very weird round robin with a local hostname (just filter)
dns_isp_id_sehat_varnion_2,202.56.160.132,10,https://explorer.ooni.org/measurement/20180119T081053Z_AS45287_NWeT8zKRcKd7z2WYMntHuw2GIwqK0zCAh0A5UnvxzKw4s9rN0u?input=http://www.gayhealth.com,['https://www.varnion.com/'],isp,['ID'],Indonesian ISP (caters to hospitality industry) Varnion blockpage. Note: Does a very weird round robin with a local hostname (just filter)
dns_isp_id_sehat_varnion_3,203.99.130.131,10,https://explorer.ooni.org/measurement/20180224T051609Z_AS45287_IoqMH28cD0RwJsIYHmj0rMDUt8oigefrA7YweS4lZ0ahxrDrDy?input=http://www.gay.com/,['https://www.varnion.com/'],isp,['ID'],Indonesian ISP (caters to hospitality industry) Varnion blockpage. Note: Does a very weird round robin with a local hostname (just filter)
dns_isp_id_sehat_winetmedia,103.70.68.68,10,,['http://winetmedia.net/id/'],isp,['ID'],Indonesian ISP Winnet Media blockpage
dns_isp_id_sehat_xl_block,blockpage.xl.co.id,10,https://explorer.ooni.org/measurement/20180324T031959Z_AS24203_oRMW0HPO6Z2u3lkA8d4uROtqX2fuKU6XH8ARB0JtGanxPSHX3L?input=https://www.scruff.com/,['https://www.xl.co.id/id'],isp,['ID'],Indonesian ISP XL blockpage. This is to match against the CNAME IP was 112.215.197.131
dns_isp_pk_nayatel_safeweb,203.82.48.86,10,https://explorer.ooni.org/measurement/20191206T015807Z_AS23674_BbXvUMwowxajbM9Q1pTeOp84pawo9ccTUsltC6B1vhyNHC2kkM?input=http://gaytoday.com/,['https://nayatel.com/'],isp,['PK'],Pakistani ISP Nayatels Safeweb blockpage
dns_isp_pk_nayatel_surfsafely,203.82.48.83,10,https://explorer.ooni.org/measurement/20161025T235721Z_AS23674_Lldjua1VqHuWrRcILrD3wrfRXiOVP5P3e0wHwJV1MACuOzBFwY?input=http://www.queerty.com,['https://nayatel.com/'],isp,['PK'],Pakistani ISP Nayatels Surf Safely blockpage
dns_isp_rostelecom_blocksystem,217.148.54.171,7,,['https://rt.ru/'],isp,['RU'],Russian ISP Rostelecom but the filtering pattern is very different than what customers typically see. This might be a small downstream players RKN implementation.
dns_isp_ru_rkn_enforta,87.241.223.133,10,,['https://www.enforta.ru/'],isp,['RU'],Russian ISP Enforta blockpage
dns_isp_ru_rkn_ertelecom,5.3.3.17,10,https://explorer.ooni.org/measurement/20180313T233202Z_AS51645_dIEFx0okmP7iqOXN3x1p97EObb6Z1oLDQYOHFLVvfn7c0FKRW6?input=http://bluesystem.ru/,['https://ertelecom.ru/'],isp,['RU'],Russian ISP Ertelecom RKN blockpage
dns_isp_ru_rkn_mastertel,83.69.208.124,10,,['http://mastertel.ru/'],isp,['RU'],"Russian ISP Mastertel (business focused, telecom provider, datacenters, etc) RKN blockpage"
dns_isp_ru_rkn_netbynet,212.1.226.59,10,,['http://www.netbynet.ru/'],isp,['RU'],Russian ISP NetByNet RKN blockpage
dns_isp_ru_rkn_skynet,185.37.129.10,10,https://explorer.ooni.org/measurement/20190628T034744Z_AS35807_4XwiNixlQ8odJ6ek21IUmKwtvCecSOWoII5ZjwqzCCgx6Sx9a3?input=http://bluesystem.ru/,['https://www.sknt.ru/'],isp,['RU'],Russian ISP Skynet RKN blockpage
dns_isp_ru_rkn_smoltelecom,37.44.40.254,10,,['http://smoltelecom.ru/'],isp,['RU'],Russian ISP Smoltelecom blockpage
dns_isp_ru_rkn_zencom,46.175.31.250,10,,['https://zencom.ru/'],isp,['RU'],Russian ISP Zencom RKN blockpage
dns_isp_tr_turknet_chat,193.192.98.43,10,,['https://turk.net/'],isp,['TR'],Turkish ISP Turk Net optin family oriented DNS service (this is DIFFERENT than the Turk Telecom secureinternet)
dns_isp_tr_turknet_chat_and_socialmedia,193.192.98.46,10,,['https://turk.net/'],isp,['TR'],Turkish ISP Turk Net optin family oriented DNS service (this is DIFFERENT than the Turk Telecom secureinternet)
dns_isp_tr_turknet_familyprofile,193.192.98.41,10,,['https://turk.net/'],isp,['TR'],Turkish ISP Turk Net optin family oriented DNS service (this is DIFFERENT than the Turk Telecom secureinternet)
dns_isp_tr_turknet_game,193.192.98.45,10,,['https://turk.net/'],isp,['TR'],Turkish ISP Turk Net optin family oriented DNS service (this is DIFFERENT than the Turk Telecom secureinternet)
dns_isp_tr_turknet_game_and_chat,193.192.98.48,10,,['https://turk.net/'],isp,['TR'],Turkish ISP Turk Net optin family oriented DNS service (this is DIFFERENT than the Turk Telecom secureinternet)
dns_isp_tr_turknet_game_and_socialmedia,193.192.98.47,10,,['https://turk.net/'],isp,['TR'],Turkish ISP Turk Net optin family oriented DNS service (this is DIFFERENT than the Turk Telecom secureinternet)
dns_isp_tr_turknet_game_chat_socialmedia,193.192.98.49,10,,['https://turk.net/'],isp,['TR'],Turkish ISP Turk Net optin family oriented DNS service (this is DIFFERENT than the Turk Telecom secureinternet)
dns_isp_tr_turknet_socialmedia,193.192.98.42,10,,['https://turk.net/'],isp,['TR'],Turkish ISP Turk Net optin family oriented DNS service (this is DIFFERENT than the Turk Telecom secureinternet)
dns_nat_cn_poison_01,8.7.198.45,10,,"['https://viewdns.info/research/dns-cache-poisoning-in-the-peoples-republic-of-china/', 'https://ora.ox.ac.uk/objects/uuid:33adc5ff-53d6-4f31-9596-c809de2417de/download_file?safe_filename=14092016-acm-alt-2015.pdf&file_format=application%2Fpdf&type_of_work=Conference+item']",nat,['CN'],A published poison reply IP related to Chinese GFW (ARIN)
dns_nat_cn_poison_02,37.61.54.158,10,,"['https://viewdns.info/research/dns-cache-poisoning-in-the-peoples-republic-of-china/', 'https://ora.ox.ac.uk/objects/uuid:33adc5ff-53d6-4f31-9596-c809de2417de/download_file?safe_filename=14092016-acm-alt-2015.pdf&file_format=application%2Fpdf&type_of_work=Conference+item']",nat,['CN'],A published poison reply IP related to Chinese GFW (European Regional Registry)
dns_nat_cn_poison_03,46.82.174.68,10,,"['https://viewdns.info/research/dns-cache-poisoning-in-the-peoples-republic-of-china/', 'https://ora.ox.ac.uk/objects/uuid:33adc5ff-53d6-4f31-9596-c809de2417de/download_file?safe_filename=14092016-acm-alt-2015.pdf&file_format=application%2Fpdf&type_of_work=Conference+item']",nat,['CN'],A published poison reply IP related to Chinese GFW (Deutsche Telecom)
dns_nat_cn_poison_04,78.16.49.15,10,https://explorer.ooni.org/measurement/20191205T074509Z_AS4134_snD532tevf4HneyRwKvtRLSxBppvIFgxGq8FwjFKH3R1eSVv1m?input=http://kareemazmy.blogspot.com/,"['https://viewdns.info/research/dns-cache-poisoning-in-the-peoples-republic-of-china/', 'https://ora.ox.ac.uk/objects/uuid:33adc5ff-53d6-4f31-9596-c809de2417de/download_file?safe_filename=14092016-acm-alt-2015.pdf&file_format=application%2Fpdf&type_of_work=Conference+item']",nat,['CN'],A published poison reply IP related to Chinese GFW (Esat Telecommunications Limited)
dns_nat_cn_poison_05,93.46.8.89,10,,"['https://viewdns.info/research/dns-cache-poisoning-in-the-peoples-republic-of-china/', 'https://ora.ox.ac.uk/objects/uuid:33adc5ff-53d6-4f31-9596-c809de2417de/download_file?safe_filename=14092016-acm-alt-2015.pdf&file_format=application%2Fpdf&type_of_work=Conference+item']",nat,['CN'],A published poison reply IP related to Chinese GFW (Fastweb)
dns_nat_cn_poison_06,159.106.121.75,10,,"['https://viewdns.info/research/dns-cache-poisoning-in-the-peoples-republic-of-china/', 'https://ora.ox.ac.uk/objects/uuid:33adc5ff-53d6-4f31-9596-c809de2417de/download_file?safe_filename=14092016-acm-alt-2015.pdf&file_format=application%2Fpdf&type_of_work=Conference+item']",nat,['CN'],A published poison reply IP related to Chinese GFW (DoD)
dns_nat_cn_poison_07,203.98.7.65,10,,['https://viewdns.info/research/dns-cache-poisoning-in-the-peoples-republic-of-china/'],nat,['CN'],A published poison reply IP related to Chinese GFW (Telstra)
dns_nat_cn_poison_08,59.24.3.173,10,,['https://ora.ox.ac.uk/objects/uuid:33adc5ff-53d6-4f31-9596-c809de2417de/download_file?safe_filename=14092016-acm-alt-2015.pdf&file_format=application%2Fpdf&type_of_work=Conference+item'],nat,['CN'],A published poison reply IP related to Chinese GFW (Korea Telecom)
dns_nat_cn_poison_09,203.98.7.65,10,,['https://ora.ox.ac.uk/objects/uuid:33adc5ff-53d6-4f31-9596-c809de2417de/download_file?safe_filename=14092016-acm-alt-2015.pdf&file_format=application%2Fpdf&type_of_work=Conference+item'],nat,['CN'],A published poison reply IP related to Chinese GFW (Clix-NZ Telstra)
dns_nat_cn_poison_10,243.185.187.39,10,,['https://ora.ox.ac.uk/objects/uuid:33adc5ff-53d6-4f31-9596-c809de2417de/download_file?safe_filename=14092016-acm-alt-2015.pdf&file_format=application%2Fpdf&type_of_work=Conference+item'],nat,['CN'],A published poison reply IP related to Chinese GFW
dns_nat_id_trustpositif,trustpositif.kominfo.go.id,10,,[''],nat,['ID'],Matches a CNAME record of the official Indonesidan filter TrustPositif
dns_nat_ir_inject_1,10.10.34.34,10,https://explorer.ooni.org/measurement/20170525T030641Z_AS50810_5iVwM98EMQORqXeZtbhiDquo9zifyYSMmE5AWTARCw3XJ1R4is?input=http://pesareghabile.blogspot.com,['https://censorbib.nymity.ch/pdf/Aryan2013a.pdf'],nat,['IR'],An injection to the Iranian national blockpage.
dns_nat_ir_inject_2,10.10.34.35,10,https://explorer.ooni.org/measurement/20180114T045727Z_AS61173_bkL7bV97kNEYVREkD0Lg4LnvnnlDtlNlbvA1jbzPlsncPdNlIm?input=http://queerquotes.blogspot.com,['https://censorbib.nymity.ch/pdf/Aryan2013a.pdf'],nat,['IR'],An injection to the Iranian national blockpage.
dns_nat_mn_crc,218.100.84.78,10,,[''],nat,['MN'],Mongolian block due to legal reasoning.
dns_nat_my_violates,175.139.142.25,10,https://explorer.ooni.org/measurement/20190503T024619Z_AS4788_agTXVdX7lipOjGFLnaQQFSkxEMVNoXopd20czlazmSW5XIofs4?input=http://www.gaystarnews.com/,['https://github.com/ooni/pipeline/issues/35'],nat,['MY'],This website is not available in Malaysia as it violate(s) the National law(s). DNS response
dns_nat_tr_poison,195.175.254.2,10,,"['https://www.bortzmeyer.org/files/bortzmeyer-google-dns-turkey.pdf', 'https://labs.ripe.net/Members/emileaben/a-ripe-atlas-view-of-internet-meddling-in-turkeyhttps://twitter.com/isik5/status/449915384762605568?lang=en', 'https://www.abuseipdb.com/check/195.175.254.2', 'https://eksisozluk.com/195-175-254-2--4192251']",nat,['TR'],A poisoned DNS reply used in Turkey since 2014
dns_prod_cleanbrowsing_1,185.228.168.254,10,https://explorer.ooni.org/measurement/20190824T132919Z_AS5650_gwWRIicciG8fgrTzTFnuvsmlAHFOWgiAIAuDeL9RgH05TQsY3L?input=http://www.samesexmarriage.ca/,['https://cleanbrowsing.org/'],prod,[''],Cleanbrowsing DNS content filter
dns_prod_cleanbrowsing_2,207.246.127.171,10,,['https://cleanbrowsing.org/'],prod,[''],Cleanbrowsing DNS content filter
dns_prod_cleanbrowsing_3,45.77.77.148,10,,['https://cleanbrowsing.org/'],prod,[''],Cleanbrowsing DNS content filter
dns_prod_cloudveil,45.32.203.129,10,,['https://www.cloudveil.org/'],prod,[''],"Faith focused DNS filtering system provided by the Church of God in Christ, Mennonite."
dns_prod_dnswatch_1,3.93.224.57,10,,['https://www.watchguard.com/wgrd-products/security-services/dnswatch'],prod,[''],Security focused DNS filter provided by WatchGuard Technologies
dns_prod_dnswatch_2,52.206.227.167,10,,['https://www.watchguard.com/wgrd-products/security-services/dnswatch'],prod,[''],Security focused DNS filter provided by WatchGuard Technologies
dns_prod_flashstart,185.236.104.104,10,https://explorer.ooni.org/measurement/20180212T093619Z_AS12874_ivZ63xkT6Tqmlz8SyoIsbdkQNfN85CyNZTO1ZVeYTZFRh24xb8?input=http://www.gayscape.com,['https://flashstart.com/'],prod,[''],Security focused DNS content filter
dns_prod_fortidns,208.91.112.55,10,https://explorer.ooni.org/measurement/20190404T082635Z_AS6661_WCvp1TnPzuxfEVQl2ZjgPGkDiLXre1Lenrp1cUiwEUJ1oEk6PV?input=https://www.scruff.com/,"['https://docs.fortinet.com/document/fortigate/6.0.0/cookbook/124730/troubleshooting', 'https://docs.fortinet.com/product/fortidns/1.3']",prod,[],Fortinet FortiDNS product
dns_prod_id_nawala,180.131.146.7,10,https://explorer.ooni.org/measurement/20170214T023529Z_AS17974_1hVbJGBPLdOsxQvNgIawwvABxfZuLNeVK5VaY1XWajguEt0yK3?input=http://www.lesbian.org,['https://nawala.id/'],prod,['ID'],Indonesian Sehat DNS filtering product
dns_prod_opendns_1,146.112.61.106,10,https://explorer.ooni.org/measurement/20170209T174739Z_AS1136_wBIk5bny3acHUuSTuZ8sqtFnKcU47tiRY0LEw08s9m9VDZBsO3?input=http://gayromeo.com,['https://www.opendns.com/cisco-opendns/'],prod,[],Cisco OpenDNS a popular DNS filtering system. NOTE: there is probably a more sophisticated way to track these IE - CNAME used in the redir.
dns_prod_opendns_2,208.69.32.164,10,https://explorer.ooni.org/measurement/20191007T155258Z_AS20115_DS8uyNobQ0CH9o9fls70ftC1ItOJ7dK5OlMG3YBs7NYrIXQ2Ty?input=https://www.planetromeo.com/,['https://www.opendns.com/cisco-opendns/'],prod,[],Cisco OpenDNS a popular DNS filtering system. NOTE: there is probably a more sophisticated way to track these IE - CNAME used in the redir.
dns_prod_ru_netpolice,159.255.26.69,10,,['http://www.netpolice.ru/'],prod,['RU'],Russian DNS based RKN filtering proudct.
dns_prod_safedns,195.46.39.11,10,https://explorer.ooni.org/measurement/20191115T114711Z_AS12390_NIVFbxg8nx3pPxL5vbk2Fg4duFANRINLyvIaMNuzyDPiMdY2X3?input=https://bisexual.org/,['https://www.safedns.com/en/'],prod,[''],"SafeDNS filtering for home, edu, telecom. Cloud based filtering product."
dns_prod_securely_1,204.110.220.2,10,,['https://www.securly.com/'],prod,[],DNS filtering product for schools
dns_prod_securely_2,52.52.63.90,10,,['https://www.securly.com/'],prod,[],DNS filtering product for schools
dns_prod_skydns_1,193.58.251.1,10,https://explorer.ooni.org/measurement/20171003T161217Z_AS15599_eoh3aUHQ7NV5LwWDA3Br8Hf3FGcgxG3s8mjxFd40cSWcV5BL23?input=http://lgbt.foundation/,['https://www.skydns.ru/'],prod,['RU'],Russian DNS filter product
dns_prod_skydns_2,193.58.251.11,10,,['https://www.skydns.ru/'],prod,['RU'],Russian DNS filter product
dns_prod_skydns_3,95.217.66.240,10,,['https://www.skydns.ru/'],prod,['RU'],Russian DNS filter product
dns_prod_smartdns_proxy,54.242.237.204,10,,['https://www.smartdnsproxy.com/Services'],prod,[''],A geoip avoidance/unblocking DNS service
dns_prod_yandex_security_check,93.158.134.250,10,https://explorer.ooni.org/measurement/20180919T192809Z_AS34984_Rlb0RqQAPfo5LqUQHWREV7c1sxNXcHSGHrVftNTgOoVBhAcu20?input=http://www.exgay.com,['https://yandex.ru/safety/'],prod,['RU'],Yandex Check Site Security Status Response
